restaurant_name,naver_cat_count_sum
전포동 도우개러지(dough garage),34921
부전동 샤브테이,18463
부전동 용이초밥,8982
범천동 고향통닭,7489
전포동 유어타입,6889
전포동 버터빌(Butter Vill),6805
부전동 심돈,6007
전포동 춘리마라탕 서면전포점,5770
부전동 연화덮밥,5323
전포동 워킹홀리데이 전포,5260
전포동 구땡식당,5242
부전동 미도인 서면,4591
부암동 외식일번가 부산진구점,4568
전포동 미식가의 우동 부전점,4376
전포동 피플웍스(PEOPLE WORKS),4340
전포동 배키욘방 부산서면점,4272
부전동 기장칼국수,3903
부전동 태태태,3862
부전동 구석,3659
"전포동 안녕,파스타",3364
부전동 (주)사미헌,3302
범천동 언양닭칼국수,3084
부전동 차선책,3050
부전동 이유(EU),3040
부전동 딤타오,2994
부전동 송정3대국밥,2955
부전동 프랑제리PEER 부산서면점,2944
전포동 동백국밥,2782
부전동 덤보커피앤바,2755
부전동 서면퍼지네이블,2751
부전동 곱테랑,2641
부전동 오십사,2626
전포동 몽키브라운,2556
부전동 도연정,2478
전포동 씨몬,2411
부전동 회국수할매집,2321
전포동 역행,2265
개금동 낙지명가 아낙촌 개금점,2222
부전동 아지트,2167
당감동 춘리마라탕 당감점,2139
양정동 라화공방 양정점,2118
전포동 잔잔해,2055
전포동 보울스,2039
부전동 민스시,2038
전포동 카츠키친,2004
부전동 라마앤바바나,1995
부전동 바른고기 엘베요타 서면직영점,1993
부전동 고복샤브샤브,1964
전포동 반핀(Ban Pin),1963
부전동 83해치,1908
부전동 서면가야밀면,1894
전포동 치킨버거클럽,1875
전포동 펑키클로버(Funky Clover),1852
개금동 불끈낙지,1821
부전동 송정호,1804
가야동 마라홀릭 마라탕 가야점,1793
양정동 영심이 왕족발,1787
부전동 수라상,1778
부전동 굽굽,1763
부전동 레전드야구존(서면점),1722
전포동 키토니(kitony),1707
전포동 코쿠씨(kokku.c),1690
부전동 솥이랑 서면점,1685
양정동 월남면반 시청점,1667
부전동 애니플러스,1665
전포동 파스타빌라,1663
가야동 세연정,1650
부전동 서면고기집 돈마초,1648
전포동 몬베튼(Mountbatten),1646
부전동 모어샌드위치 서면점,1567
전포동 지즈(Jeez),1561
전포동 낙화,1543
부전동 파이널나인 부산서면점,1503
부전동 갈매기타운 서면점,1488
전포동 멘즈키(MENZUKI),1478
부전동 오잘전맥집 서면중앙점,1477
부전동 제줏간-서면점,1475
부전동 모던테이블,1466
전포동 자매분식,1455
당감동 베프,1454
부전동 삼굽살 서면점,1443
개금동 양가손만두,1430
부전동 고베규카츠서면점,1416
전포동 스스키노,1408
전포동 PANNA(판나),1399
부전동 명란김밥,1391
당감동 청와정,1386
부전동 김태정야심,1378
전포동 이또이 스시,1378
전포동 굿손 전포점,1363
양정동 수백당 부산시청점,1351
부전동 우리마키,1341
개금동 성원칼국수,1330
가야동 서가네오리,1318
전포동 구덕포끝집고기(서면전포점),1312
전포동 멍프탑,1299
전포동 베이비치크,1295
부전동 한다솥 서면점,1284
전포동 꼬꼬텐더,1277
부전동 어필,1266
초읍동 다금,1264
전포동 굿모닝홍콩,1257
연지동 화남정돼지국밥,1232
전포동 야키토리 규(전포),1230
부전동 서면개금밀면,1209
전포동 꽁띠드샤,1206
당감동 육선,1201
부전동 옛골,1189
전포동 리파인,1188
부전동 해파랑국밥,1178
당감동 당감밀면,1177
전포동 로울,1172
부전동 홍유단,1172
범전동 젤라또무까,1164
전포동 꽁테무아(Quant a moi),1153
전포동 포그(POGG),1153
전포동 시눅,1150
부전동 소제이,1149
전포동 부들파이터,1149
전포동 마마돈,1145
부전동 갈매기학교,1130
부전동 세광양대창 부산서면점,1130
부전동 그집곱도리탕,1126
전포동 소코아,1126
부전동 투고샐러드,1108
전포동 보니따(Bonitta),1104
전포동 두들리도넛,1088
가야동 수영공원돼지국밥,1085
가야동 마라순코우마라탕 가야점,1068
부전동 어게인삼촌집,1063
부암동 어느날골목,1053
전포동 빗센,1043
범천동 해뜰마루감자탕,1042
당감동 삼수집,1040
전포동 베이시스옵,1027
양정동 요기요,1026
전포동 노이(NOI),1019
전포동 로봇초밥마켓 부산본점,1014
전포동 eee전포,1010
전포동 이네,1006
부전동 강갈비탕,1005
개금동 이가분식,1000
부전동 우사부(일체),999
부전동 마마도마,996
당감동 백양산하얀농원,994
부전동 스페이스앤무드,993
부전동 도시농가코페,990
전포동 바오나이트마켓,990
부전동 오성가든,988
전포동 자이콥21,986
부전동 온식탁,980
부전동 용이네뒷고기,977
양정동 정가네합천돼지국밥,972
전포동 돈희극,971
전포동 두루미,962
전포동 베리풀,955
부전동 홍소족발,949
초읍동 잎테(IPTAE),939
전포동 나의 피는 라멘으로 되어있어,936
개금동 이태리살롱,936
부전동 동해물회,927
개금동 동방축산 개금점,926
전포동 사심초밥,916
부전동 면작,911
부전동 바다호호복국,911
전포동 후타츠 부산점,900
부전동 김태정 숯불소갈비,899
부전동 김태정숯불소갈비,899
전포동 무화(moohwa),888
부전동 인더매스 시즌스,878
전포동 리풀,873
전포동 덱스커피 전포점,866
당감동 시민냉면,865
전포동 치키파이 전포점,863
초읍동 삼광보리밥,862
전포동 카츠와라,861
부전동 부산쪽쪽갈비,852
부전동 키쉬미뇽 서면점,851
부전동 디케이분식(DK분식),850
부전동 호이안7피엠(HOIAN7PM),847
부전동 옵포드,846
전포동 구프(goof),846
양정동 원마라가,839
부전동 인쌩맥주서면점,832
전포동 디베르티티,829
부전동 마장동김씨,828
전포동 소문난장터돼지국밥,819
연지동 서호밀면 연지점,819
부전동 갓파스시 서면점,818
부전동 365대패삼겹,817
부전동 시더스초밥,812
전포동 신이내린닭발,808
전포동 상호미지수,803
전포동 비어샵,799
전포동 바리치,790
전포동 우츠와,789
부전동 마라섬,789
부전동 뉴러우멘관즈 서면점,787
부전동 카오짜이,785
부전동 제따라멘 부산 서면점,785
부전동 경찰서옆초밥집,784
부전동 언양닭칼국수(서면부전점),783
전포동 퓨링크,780
전포동 계곱주,776
양정동 양정정통밀면,773
양정동 돈짱,770
부전동 18번완당,770
전포동 무해한사이,769
부전동 한방장어구이,761
전포동 카페더덤,760
초읍동 초함,759
전포동 노베이커노베이커스,756
가야동 남보현국수,748
범천동 황금밀면,747
전포동 유달리서면점,746
부전동 몰레(molle),745
전포동 리액트(react),745
양정동 오리농원감자탕,744
전포동 로우미드하이,743
전포동 서초돼지갈비,742
양정동 형제기사님식당,740
전포동 카페 까미노,736
전포동 카츠 김선도,734
전포동 더블링,732
부전동 바르미 한정식샤브,731
부전동 야키맨션,728
당감동 미락 한우샤브샤브,728
전포동 그레이풀,723
전포동 짐키친 서면점,721
양정동 론도테이블,720
전포동 페이센동,710
부전동 the바삭,707
가야동 옛날장터,705
부전동 프띠르,705
범천동 부부손칼국수,705
개금동 (주)용화집,705
부전동 로타리국밥,705
부전동 다섯시,691
전포동 스시마이우,689
부전동 월구떡볶이,688
양정동 양산할매국시,688
전포동 섹션코브,684
전포동 키친바바,683
부전동 그레이핍플,683
전포동 오굳띵,680
부암동 빵크닉,679
전포동 백양육식장,677
개금동 초가네 장어구이 개금점,675
전포동 프렌즈클럽,669
전포동 33게이트,669
부전동 코코로스터스,667
연지동 교통부돼지국밥,663
전포동 유남주(돼지구이전문점),663
전포동 미림양장,663
전포동 비전문,662
전포동 컵플(CUPPLE),662
가야동 가야골추어탕,661
전포동 두볼,658
부전동 마라당,654
부전동 우다온,654
개금동 철계점횟집,653
개금동 선미오리불고기,649
전포동 해쉬테이블(Hash Table),648
범천동 네네치킨범천점,648
연지동 최고집왕갈비탕,645
전포동 안주가 부산진구점,643
전포동 PlusPlusMinus(플플마),642
범천동 중앙횟집,641
개금동 국민삼겹,637
전포동 고더샵,631
부전동 장승진스시,624
당감동 진가네추어탕,623
전포동 언네임드커피,619
가야동 마당쇠소금구이,616
전포동 마담에뽀끄 서면점,608
부전동 풍성돼지국밥,607
부전동 삼원칼국수,604
부전동 소소수산,602
전포동 트와엣모아,601
부전동 명품달인김밥 서면1호점,599
전포동 스테이크어스NC서면점,594
부전동 마루돈스텍,593
양정동 형제닭도리 양정점,592
전포동 바이스벌사에스프레소,592
전포동 수프올샐러드,591
부전동 구스타보,590
개금동 커피콜121,590
전포동 베베케이크하우스,590
부전동 조선칼국수와 통막걸리,588
부전동 소수인,587
가야동 가야공원1983원조재첩국,584
부전동 가련한부엌,582
전포동 씬띠아(Cintia),581
초읍동 삼성밀면,578
전포동 취화방,577
부전동 일일시호주,575
개금동 사천횟집,571
가야동 폼포코,571
당감동 진수밥상,569
부전동 (주)우미남 서면점,567
양정동 형아우삼계탕,564
전포동 써브즈(Subz),561
전포동 텐사쿠,561
부전동 이가네부산돼지국밥·밀면,560
전포동 저지맨클럽,557
전포동 스테디어(STEADYER),554
전포동 드므 부산,553
부전동 흑쇠 서면본점,553
당감동 동방축산,551
범천동 본가낙지,548
부전동 뎐벼락막창,547
전포동 멘조라멘,544
가야동 은성이네양곱창,542
전포동 노이알트,542
전포동 고주,542
부전동 차이797롯데부산본점,541
전포동 조개대교 전포점,538
전포동 소안,536
범천동 육회실장,536
초읍동 카페 로지에르,535
부전동 회사원,533
부암동 형제초밥,533
부전동 디퀄리타,533
범천동 매떡,530
부전동 삼오정,530
전포동 동방축산 전포점,530
전포동 감동먹태,529
부전동 중앙선술,525
전포동 대창인생,525
전포동 백월하,522
전포동 사루각20,521
부전동 요타쿠마,515
전포동 무구희,510
전포동 플로레스타,509
개금동 카페본동,506
전포동 페이퍼가든,505
초읍동 리토스,504
양정동 더블원커피로스터스,504
전포동 묵묵-로스팅웨어,502
전포동 디저트 로지,502
당감동 복돌네통닭,501
가야동 평화김해뒷고기,500
전포동 팔딱추어탕,499
부전동 우시야,499
당감동 정담숯불갈비,498
양정동 송화강,496
전포동 그레잇 벌스,494
부전동 아키수산,494
양정동 행복생선구이,492
전포동 스테이88(stay88),488
양정동 스시연,487
개금동 담선수제순대국밥,486
당감동 까꿍이식당,485
전포동 넉잔,482
범천동 연돼지국밥,480
전포동 겪이,477
초읍동 금빛돼지,477
전포동 커널커피,474
전포동 귀족호랑이,472
전포동 아흐트,472
부전동 리미니 서면PEER점,470
전포동 라 퀴진 드 마리,469
전포동 옥천사세탁,469
전포동 템므,467
양정동 명가참숯갈비,466
부전동 장모돼지국밥묵은지흑돼지찌개,466
개금동 사보이 개금점,465
당감동 우마이마루,464
전포동 내공초밥,463
부전동 기장멸치전문점,463
전포동 장모족발,460
부전동 청도양곱창,458
전포동 노캡,458
전포동 소연옥,455
부전동 간지츠(서면점),452
부전동 호두가,452
범천동 달인추어탕,451
당감동 청춘갈비살,451
부전동 갓챠(gotcha),451
"전포동 헤이주드(Hey,jude)",450
가야동 풍성육계장,448
전포동 시월식당,448
전포동 코티지피,446
전포동 사랑방다실,446
부전동 해운대복어불고기&속시원한대구탕,446
개금동 오리랑,445
전포동 오마갓(OMAGOD),445
부전동 고성죽집,444
양정동 청마루 아구찜,444
전포동 대수정 서면직영점,444
부전동 우정분식,444
개금동 요고양식,444
가야동 개금안집,444
전포동 카네다독고,442
"개금동 쉼표,와인",442
부전동 미누식당,441
부전동 삼시네끼 본점,440
전포동 푯,435
양정동 시루에,433
전포동 샐러드마비에(SALAD MAVIE),432
가야동 포남,432
전포동 저수지,431
전포동 삼편주,429
당감동 거북이 동네 당감점,427
가야동 마포부연탄구이,426
부전동 만선호프3,426
부전동 만선호프2,426
전포동 도화식당,424
전포동 지미지미(JimmyJimmy),424
전포동 파도림,423
전포동 구드만,423
부전동 맥대감,421
부전동 힝(hing),420
부전동 칙바이칙 서면점,417
양정동 쌍둥이 숯불 두마리치킨,415
범천동 아우리버,412
전포동 인사불성,412
전포동 야키토리이치에,409
부전동 가야한방밀면,409
양정동 양맥집,407
전포동 비엣소셜클럽,406
전포동 힙피,406
초읍동 김춘장,404
부전동 꼬막짬뽕,403
초읍동 가송추어탕,402
부전동 히든 홀덤펍,402
부전동 일월육일 서면점,401
가야동 가야알이커피점,401
부전동 너의계절,399
초읍동 수야대공원짬뽕,399
부전동 취화담,393
전포동 하노이맥주밤거리 부산전포점,392
부전동 모찌의하루서면본점,392
당감동 진짜배기남원추어탕,392
연지동 모네의정원,391
개금동 담미옥,391
전포동 조새호장마차 서면본점,390
개금동 스시현,389
개금동 동래밀면,389
부전동 리르빠(Lirpa),389
초읍동 나탄약선요리,388
전포동 스트럿,387
전포동 갓포 사잇 쿠마,386
전포동 턴어라운드(turnaround),385
전포동 코즈키,385
전포동 오공복이,384
부전동 뱃살도둑,382
개금동 가가탕수공방,381
부전동 착한동태아구찜,377
범천동 조방숯불곱창,377
전포동 에노떼까구스토,377
전포동 불러바드,376
부전동 소미딤섬만두,375
부전동 훅트포케 서면점,375
가야동 일번가간식촌,374
가야동 유가네닭갈비개금점(1F),374
부암동 스시투어 시민공원점,374
가야동 원조가야돼지국밥,373
전포동 비주류,373
전포동 구씨떡볶이,372
부전동 징기스서면점,372
전포동 룽위엔,371
전포동 용이네가마솥짬뽕,370
가야동 캠프즉석김밥,370
부전동 프레드피자,370
양정동 애니핑거,369
당감동 다래산꼼장어,369
양정동 어랑대구왕뽈찜,369
부전동 태화육개장,367
양정동 행복한상,364
양정동 보글보글대구탕,364
전포동 탄화와주,364
부전동 레벨스피자,363
전포동 NALO,361
부전동 사보이,360
양정동 범천집목구이,360
초읍동 메르시마담,359
부전동 맛좋은멸치국수,357
부전동 챔치,356
전포동 인터문샤인(intermoonshine),356
범천동 아덴블랑제리 부암역점,355
초읍동 두유카페 두시,353
부전동 유원트,352
범천동 디디씨치킨범천점,349
전포동 키즈나,349
전포동 먼슬리델리,349
전포동 오천냥포차,348
부전동 하연정순두부,348
부전동 GOAT(고트),347
부전동 예담골,344
가야동 유영곤드레식당,343
개금동 송하,343
초읍동 돈짝초읍점,343
초읍동 카페르쁘앙,343
부전동 금주,341
전포동 인트로INTRO,341
부전동 푸른술집할라부산서면점,341
개금동 명품달인김밥 개금점,340
부전동 왕가탕후루,340
부전동 찌개밥상,340
개금동 달봉이족발,339
개금동 개금파니니브런치,338
전포동 요키크라브,337
전포동 타이랜올,336
부전동 캠퍼스컵밥,336
양정동 본죽양정점,336
양정동 양정서울칼국수,334
가야동 울타리없는만두집,334
당감동 매일매일도매횟집,333
전포동 피셋(Phises),333
부전동 서면향어집,332
부전동 내공초밥,331
전포동 셰르라이프앤스타일(Cher Life&Style),331
전포동 건양정홍삼삼계탕서면점,330
부전동 명문정,330
부암동 싸돼지의 품격,329
전포동 GWC 갱상남도 위스키클럽,328
전포동 파파옛날통닭,328
초읍동 중국성,328
개금동 덕이네 손수제비칼국수,328
부전동 와이너,326
가야동 신진성아구찜해물찜,324
초읍동 영일횟집,324
전포동 도우밍(DOUGH MING),323
범천동 나금이네,323
부전동 청년어부,323
부암동 짬뽕명가,322
전포동 가야가야서면점,322
전포동 소묘,321
가야동 한우고집,321
가야동 밥한술맛반찬,319
부전동 조판장,319
전포동 태광정밀,318
부전동 해피통닭,318
전포동 주간전포,318
부전동 한남동스지,318
당감동 금홍,317
양정동 뉴-김밥천국,317
부전동 프라나커리,317
당감동 가고파대구탕,317
부전동 애월,315
양정동 강적들,314
부전동 들녘식당,313
부전동 쌈싸먹는 닭집,311
부전동 두툼연어,310
범천동 경성설렁탕,309
양정동 헤이휴,308
부전동 청담(일품한식),307
부전동 진칼국수,305
전포동 팔딱팔딱횟집,305
전포동 본죽서면점,305
부전동 참치오빠,304
부전동 브로쓰마카롱,304
부전동 월하미인,302
개금동 우리식당2호점,301
양정동 홍주방(양정점),300
부암동 요기오면,299
전포동 고상,299
연지동 도마샌드,299
당감동 항정살구공탄,299
전포동 온니야키친,298
부전동 함만,298
부전동 담스,297
부전동 한솥도시락 영광도서하늘정원점,297
당감동 육림구공탄,295
전포동 겟럭키(Get Lucky),294
전포동 카페지예,294
부전동 고와누스(Gowanus),294
부암동 양돈산업,293
부전동 사성각,292
전포동 단편소설,292
전포동 아맛나분식,291
전포동 하람스시,291
부전동 부전시장왕뽈떼기,291
부암동 미카페(MECAFE),291
전포동 연화림,291
전포동 노메럴,290
초읍동 초읍공원돼지국밥,290
양정동 정담은,289
부암동 영진이네오돌뼈,289
범천동 메추삼계탕,289
전포동 더블유함바그(Whamburg),288
양정동 돈단지석쇠구이,287
연지동 달리는꼬꼬,286
전포동 풀뜯는돼지,286
가야동 모도리초밥,286
전포동 세디,284
전포동 홍콩가든,282
개금동 강원삼계탕,282
부전동 중천금,282
부전동 탄광맥주(서면점),282
전포동 테이블,281
부전동 보배집,281
부전동 거누광장 서면점,280
부전동 취기,279
범천동 밥상극장,279
초읍동 외할매국수,279
부전동 포항물횟집,278
부전동 용궁해물탕,277
개금동 삼보아구찜,277
전포동 웨이다오,277
"전포동 카페알프(Cafe,alf)",277
부전동 삼다진족 서면점,277
전포동 탐식,277
부전동 미미루,276
전포동 모도리,275
전포동 사루비아크럽,275
범천동 친정엄마,275
전포동 이치방(전포점),275
개금동 위대한밥상,275
전포동 신창국밥,273
범천동 진영곱창,273
전포동 란아한,271
전포동 까사델아로즈,271
부전동 부잣집밥상,271
범천동 원조현미아구찜,270
전포동 야키토리 온정,270
양정동 바사삭치킨강정양정본점,269
부전동 수영산8193한약방,269
개금동 개금장,268
전포동 코즈믹버거 전포점,268
가야동 송호상의령소바,267
당감동 오늘김해생뒷고기,264
가야동 오늘김해뒷고기동의대점,264
가야동 퀸시,264
전포동 오퍼스(OPUS),263
초읍동 동방축산 초읍점,263
부전동 초대갈비,262
전포동 덕클,262
전포동 레이지 라자냐(Lazy Lasagna),261
전포동 그램파(Grampaa),261
부전동 우마이용,260
부전동 갓포현,260
전포동 OMBU(옴부),260
양정동 핑거브레드,259
당감동 단골족발480,258
전포동 야키토리 세이고,258
부전동 태산분식,257
전포동 올드라벨,257
부전동 낭만남매,255
초읍동 초읍양푼,255
초읍동 초연장어,254
전포동 낫낫럭키,252
부전동 하이바,252
부전동 신전주콩나물국밥,252
전포동 마코토,251
전포동 화이스,251
당감동 본스시,251
가야동 인정국물떡볶이,251
전포동 차오판,250
전포동 송림식당,248
가야동 네오피자,247
부전동 우아시,247
개금동 수곡집,246
부전동 주지민아빠감자탕,245
부전동 더곱이네 서면직영점,245
전포동 굿타운,244
전포동 애착,242
전포동 덕수파스타 부산 전포 직영점,241
전포동 방방곡곡,241
가야동 덮집회의,240
부전동 쿠만,239
가야동 영진돼지국밥,239
초읍동 배돈,239
부전동 본죽 서면시장점,239
양정동 미누반점,239
부암동 선우고깃집,239
부전동 밤중에,239
전포동 구이포차 우연히,239
당감동 대박삼겹살,237
전포동 히토우(HITOU),236
부전동 잔나비,235
부전동 아이온파티,233
전포동 주심,233
연지동 논두렁,233
부전동 부광횟집,232
전포동 동포전,232
양정동 신성각,230
가야동 대성각,230
양정동 몬도일커피(MONDO1.COFFEE),230
전포동 팔구 페스츄리,230
전포동 롶속,229
개금동 물꽁과꽃게,229
개금동 우리동네 레스토랑 고슬고슬,228
부전동 멘야엔,228
전포동 비스트로바이지니케이트,227
전포동 이너엘리와인바 전포점,227
양정동 샌드다,227
당감동 속보이는만두,227
부전동 정이든삼겹살,226
부전동 태건이네국밥,225
연지동 이춘봉인생치킨 연지점,225
부전동 조옥규한우곰탕,224
전포동 강산애,224
초읍동 횟집변선생,223
전포동 스와레와인샵,223
부전동 성원횟집,223
부전동 나성족발,220
범천동 일차횟집,219
초읍동 하동식당,219
범천동 정유의곳간,218
부전동 태랑,217
범천동 오월가,217
전포동 소풍경전포점,216
부전동 까만돈,215
개금동 온클라우드나인,215
개금동 커피스토어 부산개금점,214
부전동 바다산곰장어,214
부전동 마후닭,214
부전동 목화실비,213
부암동 춘하추동칼국수,213
당감동 승승(당감3호점),213
전포동 등갈비에 반하다,213
부전동 오딘,213
당감동 보배반점 부산당감점,213
전포동 구구식탁,212
개금동 이춘봉인생치킨(부산개금점),211
전포동 도조스시,211
부전동 펭귄상회,211
개금동 몽짬뽕,211
부전동 이가야,211
양정동 한솔대구탕,210
전포동 태진숯불갈비,209
당감동 풍종다슬기,209
양정동 바로닭발 양정점,209
개금동 댄싱컵 개금점,208
당감동 장우동,207
부전동 하삼동서면문화로점,207
연지동 해림아구찜감자탕,206
전포동 아일랑트,206
전포동 노브나인(Nov.Nine),206
부전동 육회브라더스,205
초읍동 돼지꿈나라,204
부전동 울산목살구이집,204
전포동 코르 파스타 바,204
양정동 양정꽃돼지,204
범천동 현대포차,203
개금동 수야네식당,203
양정동 분식왕 김군,203
전포동 뉴욕보틀서면1호점,203
부전동 싸브싸브,202
범천동 송돈왕대패삼겹살,202
가야동 대풍각,201
부전동 초이참치,201
전포동 팔미엔,201
전포동 우시2층집,200
부전동 김밥천국서면에이원점,200
범천동 킹프레소 서면점,200
부전동 달인손짜장,200
전포동 꼬이꼬이 전포점,199
당감동 라이온,199
부전동 간판없는집,199
부전동 다다믄,199
전포동 뎃판스기,198
범천동 돈짱 맛짱,197
전포동 촉팜,197
부전동 얌샘김밥 부산서면점,196
부전동 오사카 리카이쿠 서면,196
부전동 부산꼴통라면,196
당감동 오늘은 프로틴,196
범천동 만리방,195
범천동 돈다리족발,195
양정동 뚝바리 무뼈 해장국,195
부전동 거제도야한상,195
부전동 맘보비어,195
범천동 청개구리 포차,195
전포동 우모레,193
부전동 대갈통문어,193
부전동 카페이떼,192
초읍동 명진식당,192
부전동 대명반점,192
전포동 난바이,191
범전동 우성갈비화로구이,191
전포동 칠링아웃샵 전포점,191
개금동 대명횟집,190
부전동 카렌부산서면점,190
부전동 우가네족발,190
당감동 화성왕족발,189
부전동 동명식당,188
당감동 일품정가,188
전포동 양아치,188
가야동 심청이왕족발,188
부전동 정가집,188
부전동 어랏투고 영광도서점,187
개금동 만타스시31개금점,186
전포동 소소리,186
당감동 다복향마라탕(당감점),185
당감동 어부사시사회,185
전포동 놀탐,184
전포동 준분식,181
부전동 데생,181
당감동 당감왕대패,181
부전동 노크서면직영점,180
부전동 코리(kori),180
"초읍동 바다영토해물탕,해물찜",180
전포동 캔유라이크(Canyoulike),179
초읍동 호맥 초읍점,179
전포동 깨진벽,178
범천동 단골식당,178
당감동 단골식당,178
개금동 명품생오리,178
범천동 미담돈,178
전포동 버드나무집,177
양정동 럭키라이스,177
양정동 현대가든,177
부전동 준이네한치모밀,177
양정동 로우쥬스커피,177
전포동 치보,177
전포동 플라스티카(PLASTICA),176
부전동 신룽푸마라탕,176
범천동 야끼도리정,176
당감동 모모네김밥,176
초읍동 고향맛순두부,175
초읍동 장수촌오리,175
초읍동 프랭클린커피로스터스,175
전포동 라이 다운 커피 로스터스(Lie down coffee Roasters),174
개금동 부산꼼장어,174
당감동 이동주의불타는곱창,173
부전동 김완쭈꾸미,173
범천동 미돈,173
연지동 소미돈까스,172
당감동 우럭앤구이,172
전포동 신발통,171
전포동 벤처 : 템플 오브 템포,171
당감동 아메리칸숯불바베큐,171
가야동 욜로치킨,170
전포동 요행,169
가야동 역전할머니맥주,169
가야동 차이향,168
전포동 Halo(헤일로),168
전포동 쨈지달 전포점,168
당감동 맛있는바다,168
개금동 추추돈까스,168
범천동 조방돼지국밥,168
초읍동 신토불이,167
부전동 만쿠,166
개금동 누마루,166
당감동 부산장진우식당,165
부암동 대가 산더미 불고기,165
양정동 고등어와보리밥,164
부전동 아메리칸 키친 by121(American Kitchen by121),164
부전동 초원곰탕 서면점,164
전포동 듀코비라운지,164
부전동 양산도 롯데백화점부산본점,163
부전동 싹~다 꿀돼지,163
개금동 한우예찬,162
부전동 세븐참치,161
부전동 카오리,160
부전동 제주가,160
범천동 갈매기식당,160
전포동 서서주방,159
양정동 영진돼지국밥,158
전포동 코베야,157
전포동 불티,157
당감동 오계절밀면,157
당감동 하루가,157
전포동 동행길,157
전포동 호야팡야(HOYAPANGYA),157
양정동 비비큐올리브치킨신양정점,157
개금동 고집센그집갈비탕부산개금점,156
당감동 정서방네횟집,156
부전동 개나리술집 서면점,155
부전동 레알소만,155
개금동 하이네스트커피,154
가야동 양통촌국수,154
초읍동 데판야타이,153
전포동 칸니치이자카야,153
개금동 토속빈대떡마을,153
전포동 정든어묵집,152
양정동 윤식당,152
범천동 중앙돼지국밥,151
부암동 시오야킹,151
당감동 신보영,150
전포동 두사,150
양정동 다올막창,150
당감동 호주에서 온 스시 당감점,150
전포동 와썹피자,149
부암동 진성식당,149
부암동 양앤이,149
범천동 본죽범내골역점,148
양정동 상상짬뽕,148
부전동 인해,148
전포동 운커피 부전점,147
부전동 꿀포차,147
당감동 장수 돼지국밥,147
전포동 쿠아츠,146
양정동 탭커피,146
전포동 마당쇠돼지갈비전포점,145
전포동 빌(BIL),145
전포동 몸부림,145
전포동 카페클릭,145
양정동 이가월남쌀국수양정점,145
초읍동 건일숯불갈비,144
연지동 아트(art)스시,144
부전동 켈틱타이거(CELTIC TIGER),144
범천동 아시아투고,143
전포동 릴레이지(Real Lazy),143
가야동 설맥,143
가야동 외식명가 만개짬뽕,143
부전동 부전산곰장어,142
부전동 도마위에 암소,142
부전동 서상호쇼콜라띠에,142
부전동 대복성,142
부전동 오복삼계탕,141
초읍동 블라블라,141
양정동 경일식당,141
부전동 팔구제면소 서면직영점,141
부전동 제이엠티카페 서면로점,140
전포동 니사,140
개금동 가원분식,140
부전동 미뜨2,140
초읍동 왕자맥주,140
전포동 이카이(2-KAI),139
개금동 오케이친구돈까스,139
전포동 정성카츠,139
개금동 감포숯불장어구이,139
초읍동 김밥산책,138
전포동 몽환,137
부전동 통영한일김밥부산본점,137
개금동 야래향,137
개금동 본도시락,137
개금동 별미집,137
부전동 원조서면양곱창,137
범천동 조방면옥,137
양정동 국수락,137
개금동 화돈가,137
범천동 마루양곱창,137
범천동 루나카페,136
양정동 시소식당,136
"가야동 오,토끼",136
개금동 666버거 개금점,135
부전동 수복식당,135
전포동 듀커스하우스,135
전포동 미네,135
전포동 몽상가들,135
부전동 현대경양식,135
부암동 다기야기,135
초읍동 하오칭짬뽕201,135
부전동 지성씨,134
가야동 독도활어회센타,133
가야동 마당집곱창,133
가야동 대장금,133
전포동 전포길섶,133
전포동 토로토로,132
전포동 무야,132
전포동 정희네,132
개금동 빨간다리,132
부전동 열도미행,131
부암동 산청본가어탕국수,131
범천동 온정 칼국수,131
양정동 엄마의 부뚜막,130
당감동 제일밀냉면,129
부암동 봉평메밀마당&대패삼겹,129
부전동 우돈옥,129
부전동 사루몽,128
범천동 연선생,128
전포동 판돈,128
전포동 리포스토,127
양정동 17번지 닭한마리,126
개금동 아궁이연탄갈비,126
가야동 태화횟집,125
양정동 사계절밀면,125
연지동 다소니,125
연지동 삼겹이네,125
범천동 대원식당,124
가야동 칠칠해장국,124
당감동 헉돼지,123
부전동 발해양꼬치,123
양정동 대패한상,123
부전동 메밀고밀면,123
부전동 미미타코,123
가야동 원아구찜,123
당감동 도란,122
부전동 소셜서클,122
가야동 공룡김밥,122
가야동 강릉송정해변막국수서부산분점,122
부전동 슬림비빔밥,122
범천동 츠키노준,122
전포동 타이타닉,121
개금동 황칠오리,121
가야동 수중화요리,121
개금동 큰시장식당,120
가야동 킹프레소 가야점,120
부전동 용이네탕슉,120
전포동 피자선생,119
부전동 (주)오매족서면본점,119
가야동 좋은횟집,119
부전동 카페 길 서면점,119
당감동 김선장횟집,119
전포동 에이플러스,119
당감동 꾀돌이분식,118
초읍동 퇴근길,118
전포동 바게뜨양,118
개금동 팔팔 개금점,118
전포동 진미관,118
전포동 몰래하우스,118
부전동 외식촌,118
부전동 개미집 서면센트럴스타점,118
부전동 모스(moss)&샌드위치,118
부암동 굴다리 고깃집,117
개금동 꼬들집,117
개금동 대박향어,117
부전동 마지트,117
범천동 오미정,117
"전포동 파레토,PARETO",117
부전동 스지신,117
가야동 혜화어묵당,116
전포동 어덜트롤(adultroll),116
부전동 장모님곰장어,116
전포동 굣간,116
전포동 창녕식당,116
당감동 남성관,115
부전동 충무낙지볶음,115
부암동 가마솥돼지국밥,114
부전동 구도로통닭 서면점,113
부전동 장덕장어,113
부암동 하삼동 부암점,113
당감동 기장대게,112
가야동 사또야,112
초읍동 하이오커피 부산연지점,112
개금동 대박터진돈까스,112
부전동 서면숯불갈비,111
개금동 엄마의 부엌,111
부전동 형제숯불갈비,111
전포동 건강한집밥다미,111
양정동 타코락 양정점,111
범천동 기프티(giftea),111
부암동 용덕장코다리당감직영점,111
부전동 야타이 수,110
개금동 원조소토촌추어탕,110
부전동 밥앤밥센트럴스퀘어점,110
당감동 청담불백정식,110
가야동 덕후가,109
전포동 오마이브린,108
부전동 일레븐그릴(11grill),108
초읍동 기와집,108
당감동 산머루샤브샤브칼국수,107
부전동 공가포차,107
양정동 청룡관,107
부전동 라스트춘선 서면점,107
범천동 수복포차,106
전포동 소문난장터돼지국밥2호점,106
당감동 횡성한우,106
초읍동 하마루,105
전포동 옥두꺼비,105
연지동 두마리찜닭 두찜연지점,104
양정동 만다린,104
부전동 대박숯불갈비,103
전포동 마딛따,103
당감동 맛있는 고기에 솜씨를 더하다,103
범천동 자갈치보리밥,103
부전동 바보주막,103
부전동 영광할매집,102
부전동 도촌,102
부전동 호호불닭발,102
당감동 큰집돼지국밥,102
부전동 토담골,102
전포동 커피사계,102
범천동 자연바다횟집,102
초읍동 고기상자,102
가야동 박가네 대박집,102
당감동 곱창우,101
부전동 호맥 서면1번가점,101
범천동 동천양곱창,101
부암동 새벽여는김밥,101
전포동 코코로미,101
전포동 굿위크,101
전포동 루크스,100
부전동 김밥마을,100
전포동 제일류식당,100
부전동 소반,100
개금동 동촌식당,99
초읍동 몽돌회초밥,99
개금동 장승포바다장어구이,99
부전동 레이어,99
당감동 9평바다,99
부전동 아는삼촌,98
초읍동 한상보리밥 돌솥비빔밥,98
부전동 덴카,98
부전동 맨도롱,98
전포동 심이베커피,98
부암동 수제맥주집 부암점,98
당감동 싱싱오징어,98
개금동 오박사왕족발,97
부전동 도조도모,97
연지동 마백반분식,97
전포동 길목식당,97
범천동 더펄,97
부전동 페이퍼투콘크리트,96
부전동 우장군,96
양정동 아! 대한민국 돼지국밥,96
전포동 다누(danu),96
초읍동 삼겹만세,96
부전동 서면 곱,96
연지동 휘요,95
전포동 행담,95
당감동 북경대반점,95
당감동 시골장터우정의집,95
전포동 타카이,95
개금동 철따라계절따라2호점,95
가야동 부영밥상,95
양정동 우삼겹 비빔국수,94
부전동 오풍미족발 서면점,94
부전동 우미오모루,94
부전동 남촌멸치쌈밥,94
개금동 옹기닥,94
양정동 명심이족발,93
양정동 만만,93
연지동 레땅,93
부암동 수라칼국수,93
범천동 복해루,93
부전동 송미아구찜,93
당감동 우뚝화로구이,93
부전동 엄지네,93
양정동 짠,92
가야동 향미각,92
전포동 샤따(SHATTA),92
범천동 모범돼지대패 얼큰이 샤브샤브,92
부전동 굴다리산곰장어,92
전포동 키친물고기,92
부전동 주씨네,91
가야동 가야블루스,91
전포동 호주에서온스시,91
당감동 투껍스,91
범천동 집밥한그릇,90
부전동 커몬노마드,90
부암동 아구마을,90
범천동 우체국옆2층,90
부전동 가라지,90
가야동 유케야 가야동의대점,89
전포동 모테키 전포,89
개금동 봉평메밀동치미막국수,89
당감동 정원돼지국밥,89
당감동 소문난시장손칼국수,89
개금동 임금님족발,88
부전동 만배아리랑보쌈,88
부암동 오누식당,88
개금동 유부보따리,87
부전동 육덕,87
당감동 연산할매국수,87
개금동 옥싸롱,86
당감동 소우곰탕,86
당감동 기장대게도매,86
부전동 길목식당,86
부전동 대야성갈비,86
양정동 엘라의 부엌,86
범천동 올수록,85
부전동 평화옥탑,85
부전동 요시노스시,85
당감동 제야,85
전포동 다정삼겹,84
부전동 스시류,84
당감동 온정 밥상,84
개금동 여니네,83
가야동 다온돼지,83
부암동 미광식당,83
범천동 호프밭의맥주꾼,83
양정동 전통음식점 원양,83
초읍동 은아네,83
부전동 남해수산횟집,82
개금동 족당희,82
가야동 거창반점,82
부전동 경풍,81
가야동 장금이집밥,81
부전동 윤참치,81
전포동 정김밥,80
부전동 서면오향족발,80
당감동 털보오리,79
개금동 도란도란,79
부전동 영커피 서면학원가점,79
개금동 디디씨(DDC)치킨개금점,79
전포동 식력,79
부전동 달콤한놀이터,78
가야동 새송이아구찜,78
부전동 하씨네,77
부전동 가다커피,77
범천동 거창횟집,77
전포동 구훈,76
가야동 우서방쭈삼이,76
부전동 고객주문서,76
가야동 코코샤브가야점,76
부전동 나리상회,76
부전동 향토버섯매운탕,76
개금동 고성장어,74
초읍동 어머나! 손칼국수,74
당감동 부자부자횟집,74
범천동 조방탱탱족발,73
개금동 스시이쿠,73
연지동 일미반점,73
연지동 산지횟집,73
부전동 봄베이브로이,73
가야동 바다장어구이회,73
부암동 마루대패,73
부전동 정원오리보쌈,73
전포동 미올(MYOL),72
전포동 미나토,72
부암동 팬더반점,72
양정동 골목연탄갈비,72
부전동 전봇대전집,72
가야동 가야성,72
가야동 포코 아 포코 커피,72
부전동 전포여관,71
부전동 이야 하면 우와,71
전포동 지지무디,71
범천동 우정밥상,71
부암동 스시오오키,71
전포동 노뎅,70
부암동 부산반점,70
개금동 태철이네충무김밥,70
범천동 꽃돼지 소숯불갈비,70
부전동 홀덤펍TOP,70
전포동 다이와,70
전포동 얼쓰케이크(EARTHCAKE),70
부전동 도림,69
부전동 오데뜨정육점,69
전포동 전포연가,69
전포동 뚜오이(tuoi),69
당감동 꿀진냉면·밀면,69
가야동 만우고깃집,69
부전동 지금하루,69
부전동 영도통닭 서면점,69
전포동 두근돼지,69
부전동 내고향장승골,69
전포동 마선생 마약국밥 서면점,69
부전동 아지양 서면점,69
초읍동 통영뒷고기,68
가야동 땡초우동인(in)포차,68
부전동 녹원복국,68
전포동 뼈대짬뽕,68
부전동 종가집,68
개금동 네모토스트,68
부전동 치면식당,68
부전동 이병우설농탕,68
부암동 부엉이 포차,68
부전동 울타리없는만두집,68
연지동 서민불닭발,68
양정동 비에이치씨(BHC)부산양정역점,67
부전동 마더훠궈,67
초읍동 돌쇠본가,67
가야동 마리횟집,67
개금동 꿀꿀뒷고기개금점,67
부전동 합천돼지국밥,67
가야동 남바완돈카츠가야점,67
초읍동 석화 막썰어횟집,67
전포동 소소공원,67
당감동 JUMP(점프) 당감점,67
부전동 동키치킨,67
범천동 하하돈,66
전포동 어풋홀드,66
개금동 옛날보리밥,66
가야동 이모네김밥,66
개금동 지코바양념치킨,66
부전동 그린보틀,66
전포동 음주가:밀 전포,66
개금동 삼냥제과,65
당감동 보고292,65
양정동 장가네떡볶이,65
양정동 부연식당,65
당감동 착한김밥,65
당감동 어통령,64
양정동 복장어,64
부전동 꽃새우일번가,64
가야동 동이아구찜,64
전포동 변곡점스탠드,64
부전동 곰전골,64
부암동 아서원,63
전포동 닭발쏘옥,63
초읍동 미가정,63
당감동 현아보리밥,63
초읍동 엄마김치야,63
개금동 대동반점,63
전포동 꼬기만땅 점보비빔밥,62
부전동 다도해,62
당감동 은파식당,61
부전동 라멘정,61
전포동 펙(peck),60
당감동 브라더 직화 배달삼겹 진구직영점,60
가야동 부산가야대패삼겹&밀면,60
가야동 더하다 가야점,60
전포동 가롱집,59
부전동 마선생얼큰국밥 부산서면점,59
전포동 노월당,59
양정동 통큰닭강정(양정점),59
부전동 린선 DINING,59
양정동 장수숯불갈비,59
부암동 고기극찬(부산진구점),58
부전동 화이트캐슬룸카페 서면점,58
부전동 오레노카츠 서면점,58
부암동 제일돼지국밥,58
범천동 진가명가,58
가야동 맥주를구한피자,58
연지동 공원 옆 숙성회,58
부전동 더블린 데이,57
부전동 삼익식당,57
당감동 순수치킨 이츠카츠(당감점),57
당감동 청화반점,56
양정동 갓튀긴후라이드 부산,56
개금동 죽이야기개금점,56
초읍동 청도돼지국밥,56
당감동 진주대반점,55
개금동 동대앞 신석쇠구이 개금점,55
당감동 비에이치씨(BHC)당감점,55
부전동 새벽닭 옛날통닭,55
당감동 감자븐분식,55
당감동 덕이네서장어굽자,55
개금동 이모야밥집,54
가야동 힐링포차,54
부암동 북경,54
가야동 우리네김밥,54
당감동 더머그(THE MUG),53
양정동 돌마루식당,53
당감동 여왕김밥,53
부전동 모모이로,53
양정동 삼한우사골곰탕,53
부암동 새마을반점,52
당감동 우아한알콜주유소,52
부전동 개새,52
양정동 노브레이크,52
양정동 변상은메기탕추어탕,52
부암동 굽네치킨 부산부암점,52
부전동 조양숯불갈비,52
양정동 산마루 감자탕,52
범천동 명동아구찜,51
당감동 백양솥닭,51
개금동 선미정,51
가야동 마파성,51
양정동 행복한식탁,50
범천동 이모식당,50
부전동 한라정,50
부전동 천일횟집,49
범천동 논(답),49
가야동 깐돌이포차,49
부전동 류아포마라탕,49
범천동 소문난홍대마약보쌈,49
전포동 북샵(Book Shop),49
부암동 이가네골목갈비,48
범천동 처갓집양념치킨 범천점,48
전포동 듀랩,48
전포동 토오루,48
부전동 산뜰애,48
전포동 해룸,47
전포동 실비아구찜,47
양정동 돈나와라,47
전포동 테이블세터 전포,47
가야동 누렁지,46
부전동 영월댁,46
전포동 오딜라앤알마소셜클럽,46
부전동 녹산횟집,46
양정동 신토김밥,46
전포동 우열반점,46
부전동 풍연식당,46
전포동 모노모노몬,46
전포동 테루엔씨(NC)서면점,46
전포동 피자런서면점,45
부전동 호포리,45
양정동 미소나눔밥집,45
당감동 우리집아구찜,45
개금동 어게인,45
개금동 남가네숯불고기,45
당감동 맛손칼국수,45
개금동 빈즈비어,45
당감동 동평반점,45
개금동 숙이비어,45
부전동 나는맛있다 푸드연구소,44
양정동 천하일품식당,44
양정동 안한정식,44
당감동 이태리면가게,44
부전동 골목오뎅바,44
범전동 대성각,43
부전동 9성급 과메기 전문점,43
부전동 산성목살,43
양정동 양정곱창마을,42
전포동 힙플,42
개금동 개금가마솥추어탕,42
범천동 소소감자탕,42
전포동 바302호,42
당감동 바우석쇠,41
범천동 천가닥,41
가야동 골드원 꼬마김밥,41
가야동 가야옹기골감자탕,41
부전동 희마쯔,41
연지동 야키센,41
개금동 청해식당,40
부전동 빨봉분식,40
부전동 소문난 만복래,40
부전동 미라이,40
당감동 멈칫,40
개금동 전원보리밥,40
양정동 부산대오야,40
가야동 필드키친부산진구점,40
부전동 만세김밥,40
양정동 양정횟집,39
전포동 헉(HUK),39
가야동 장용산곰장어,39
범천동 박향숙 레드참치,39
당감동 둥지밀면,39
부전동 지성감족,39
부전동 자갈마당,39
가야동 자연초갈비,39
부전동 은화횟집,38
가야동 맛나네,38
부전동 킥애스 서면점,38
양정동 양일회집,38
가야동 정일식육식당,38
초읍동 안채,38
전포동 전포 상제씨,37
부전동 양지양곱창,37
부전동 명가조방낙지,37
가야동 국수앤김밥,37
전포동 덴푸라투어,37
개금동 이모회포차,37
전포동 제이에스푸드,36
부전동 자갈치복집,36
전포동 베럴바이트(Betterbite),36
개금동 부영각,35
부전동 깜짝식당,35
당감동 희자통닭,35
가야동 림스치킨가야점,35
양정동 향원장,35
부전동 이야우와,35
범천동 오로지 국밥,35
전포동 가평보리밥집,35
가야동 소원푸드,35
당감동 주공반점,35
개금동 그놈포차 개금점,35
당감동 한산도,35
부암동 OK암소갈비,35
당감동 남다른 썬치킨 당감1호점,35
부전동 심통,35
연지동 새미정,34
양정동 봉이양곱창,34
가야동 저번에그,33
전포동 무채 로스터리,33
초읍동 두리네,33
부전동 상상피자 서면본점,33
부전동 몽구,33
부전동 365 후루룩 촌국수,33
연지동 용이분식,33
부전동 맛있는 순두부,33
초읍동 소천식당,32
부전동 순간의순간,32
연지동 연지보리밥대구탕,32
부전동 케엔포커,32
부암동 갓블유피자,32
부전동 수리랑,32
부암동 돼지zone,31
범천동 한경자굴국밥 조방앞점,31
개금동 홍게랑대게랑 본점&호성이골뱅이 부산점,31
부전동 아는오빠포차,31
당감동 행복해,30
양정동 경호강,30
부전동 더(The) 타임,30
부전동 참숯불 불타는 대구생막창,30
부전동 다루마,30
가야동 만세통닭,30
가야동 모히또,30
개금동 배가네쭈꾸미,30
개금동 요달의찜닭본점,30
부전동 남해죽집,30
범천동 아자금 일식,30
부전동 비에이치씨bhc 부산부전점,29
부전동 동신횟집,29
부전동 풍천장어,29
가야동 목연포차,29
부전동 4계절카페,29
부전동 남도본가,29
부전동 선희구이,28
부전동 고르도피자 서면점,28
개금동 구닭다리,28
당감동 소풍경당감부암점,28
가야동 그집고기,28
당감동 청해생복집,28
초읍동 만리성,28
부전동 명자족발,27
전포동 밀로즈,27
당감동 개성만족,27
양정동 종가집 꼬리곰탕,27
가야동 진지한술집,27
전포동 생일반점,27
가야동 아리수,27
연지동 선명아구찜,26
가야동 부강면옥,26
양정동 충렬통닭,26
범천동 런투유 숯불두마리치킨,25
당감동 연화초밥,25
당감동 너랑나랑,25
초읍동 부헝식당,24
가야동 남서울족발,24
초읍동 매운명태밥상,24
부전동 다온정,24
전포동 경동아구찜,23
부전동 밥풀릭스 서면점,23
당감동 임가네돈,23
부전동 따오기퓨전요리,22
가야동 파전애빠지다,22
양정동 석정원,22
양정동 남경반점,22
부전동 할매밥상,22
당감동 손문곱창,21
부전동 다원정,21
전포동 휘게(Hygge),21
개금동 앵콜반점,21
개금동 영아네식당,21
당감동 피자스톰 부산진구점,20
양정동 댄디커피,20
전포동 해롱해,19
부암동 자연밥상,19
부전동 갈비에반해찜,19
초읍동 초읍연탄갈비,19
당감동 곱창시대,19
당감동 롱라이프,18
범천동 장수유황생오리,18
당감동 남해쭈꾸미,18
연지동 진보식당,18
부암동 당감동오매가매 아구찜,18
부암동 오징어나라,17
양정동 웰빙아구찜.소전골,17
개금동 아리수,17
양정동 통영맛집 장어탕·장어구이,17
가야동 짜이용,17
개금동 선산반점,17
범천동 신암회센타,17
부전동 키라라,17
당감동 경아네분식,16
당감동 오매가매,16
부전동 삼대왕족발,16
양정동 번개반점,15
부전동 라라샹즈,14
부전동 즐거운식당,13
초읍동 미소비어&포차,12
가야동 샐픽(salpick),12
부전동 나주돼지국밥,10
부전동 샤이어호텔,0
부전동 아르반호텔,0
부전동 파스쿠찌 부산비즈니스호텔,0
